Name, Barcode, idUser, soughtAt
null, 6901443293070, 11, Tue Apr 21 2020 00:00:00 GMT+0200 (GMT+02:00)
null, 6901443293070, 11, Tue Apr 21 2020 00:00:00 GMT+0200 (GMT+02:00)
null, 6901443293070, 11, Tue Apr 21 2020 00:00:00 GMT+0200 (GMT+02:00)
null, 6901443293070, 11, Tue Apr 21 2020 15:20:56 GMT+0200 (GMT+02:00)
null, 6901443293070, null, Tue Apr 21 2020 15:31:20 GMT+0200 (GMT+02:00)
JBL Xtreme 2 noir , null, null, Tue Apr 21 2020 17:22:28 GMT+0200 (GMT+02:00)
JBL Xtreme 2 noir , null, null, Tue Apr 21 2020 17:27:41 GMT+0200 (GMT+02:00)
Airpods pro, null, null, Tue Apr 21 2020 17:27:59 GMT+0200 (GMT+02:00)
JBL Xtreme 2 noir , null, null, Tue Apr 21 2020 17:29:25 GMT+0200 (GMT+02:00)
JBL Xtreme 2 noir , null, null, Tue Apr 21 2020 17:34:17 GMT+0200 (GMT+02:00)
JBL Xtreme 2 noir , null, null, Tue Apr 21 2020 17:35:36 GMT+0200 (GMT+02:00)
JBL Xtreme 2 noir , null, 12, Tue Apr 21 2020 17:38:42 GMT+0200 (GMT+02:00)
JBL Xtreme 2 noir , null, 12, Tue Apr 21 2020 17:43:51 GMT+0200 (GMT+02:00)
JBL Xtreme 2 noir , null, 12, Tue Apr 21 2020 18:15:29 GMT+0200 (GMT+02:00)
JBL Xtreme 2 noir , null, null, Tue Apr 21 2020 18:17:07 GMT+0200 (GMT+02:00)
JBL Xtreme 2 noir , null, null, Tue Apr 21 2020 18:17:33 GMT+0200 (GMT+02:00)
JBL Xtreme 2 noir , null, null, Tue Apr 21 2020 18:17:49 GMT+0200 (GMT+02:00)
Jbl, null, null, Tue Apr 21 2020 18:37:00 GMT+0200 (GMT+02:00)
Airpods , null, null, Thu Apr 23 2020 12:07:06 GMT+0200 (GMT+02:00)
Airpods pro, null, null, Thu Apr 23 2020 12:07:08 GMT+0200 (GMT+02:00)
De, null, null, Thu Apr 23 2020 13:27:57 GMT+0200 (GMT+02:00)
Sony WF-1000XM3 Argent, 4548736088870, null, Thu Apr 23 2020 19:23:48 GMT+0200 (GMT+02:00)
Sony WF-1000XM3 Argent, 4548736088870, null, Fri Apr 24 2020 09:40:50 GMT+0200 (GMT+02:00)
Le pouvoir de la force mentale, 9782266249201, null, Fri Apr 24 2020 10:34:52 GMT+0200 (GMT+02:00)
Le pouvoir de la force mentale, 9782266249201, null, Fri Apr 24 2020 10:40:19 GMT+0200 (GMT+02:00)
Le pouvoir de la force mentale, 9782266249201, null, Fri Apr 24 2020 10:41:33 GMT+0200 (GMT+02:00)
Le pouvoir de la force mentale, 9782266249201, null, Fri Apr 24 2020 10:43:14 GMT+0200 (GMT+02:00)
Le pouvoir de la force mentale, 9782266249201, null, Fri Apr 24 2020 10:47:16 GMT+0200 (GMT+02:00)
Le pouvoir de la force mentale, 9782266249201, null, Fri Apr 24 2020 10:47:33 GMT+0200 (GMT+02:00)
Le pouvoir de la force mentale, 9782266249201, null, Fri Apr 24 2020 10:47:48 GMT+0200 (GMT+02:00)
Le pouvoir de la force mentale, 9782266249201, null, Fri Apr 24 2020 10:55:06 GMT+0200 (GMT+02:00)
Le pouvoir de la force mentale, 9782266249201, null, Fri Apr 24 2020 10:55:47 GMT+0200 (GMT+02:00)
Le pouvoir de la force mentale, 9782266249201, null, Fri Apr 24 2020 11:00:34 GMT+0200 (GMT+02:00)
Le pouvoir de la force mentale, 9782266249201, null, Fri Apr 24 2020 11:08:38 GMT+0200 (GMT+02:00)
Le pouvoir de la force mentale, 9782266249201, null, Fri Apr 24 2020 11:13:50 GMT+0200 (GMT+02:00)
Le pouvoir de la force mentale, 9782266249201, null, Fri Apr 24 2020 11:14:19 GMT+0200 (GMT+02:00)
Le pouvoir de la force mentale, 9782266249201, null, Fri Apr 24 2020 11:15:33 GMT+0200 (GMT+02:00)
Le pouvoir de la force mentale, 9782266249201, null, Fri Apr 24 2020 11:16:13 GMT+0200 (GMT+02:00)
Le pouvoir de la force mentale, 9782266249201, null, Fri Apr 24 2020 11:21:46 GMT+0200 (GMT+02:00)
Le pouvoir de la force mentale, 9782266249201, null, Fri Apr 24 2020 11:25:10 GMT+0200 (GMT+02:00)
Le pouvoir de la force mentale, 9782266249201, null, Fri Apr 24 2020 11:29:00 GMT+0200 (GMT+02:00)
Le pouvoir de la force mentale, 9782266249201, null, Fri Apr 24 2020 11:31:27 GMT+0200 (GMT+02:00)
Le pouvoir de la force mentale, 9782266249201, null, Fri Apr 24 2020 11:45:21 GMT+0200 (GMT+02:00)
Le pouvoir de la force mentale, 9782266249201, 12, Fri Apr 24 2020 11:46:11 GMT+0200 (GMT+02:00)
Le pouvoir de la force mentale, 9782266249201, 12, Fri Apr 24 2020 11:47:15 GMT+0200 (GMT+02:00)
Le pouvoir de la force mentale, 9782266249201, 12, Fri Apr 24 2020 11:49:39 GMT+0200 (GMT+02:00)
Le pouvoir de la force mentale, 9782266249201, 12, Fri Apr 24 2020 11:50:38 GMT+0200 (GMT+02:00)
Le pouvoir de la force mentale, 9782266249201, 12, Fri Apr 24 2020 11:55:20 GMT+0200 (GMT+02:00)
Le pouvoir de la force mentale, 9782266249201, 12, Fri Apr 24 2020 11:56:28 GMT+0200 (GMT+02:00)
Le pouvoir de la force mentale, 9782266249201, 12, Fri Apr 24 2020 11:57:08 GMT+0200 (GMT+02:00)
Le pouvoir de la force mentale, 9782266249201, 12, Fri Apr 24 2020 11:57:37 GMT+0200 (GMT+02:00)
Le pouvoir de la force mentale, 9782266249201, 12, Fri Apr 24 2020 11:58:04 GMT+0200 (GMT+02:00)
Le pouvoir de la force mentale, 9782266249201, 12, Fri Apr 24 2020 11:58:40 GMT+0200 (GMT+02:00)
Le pouvoir de la force mentale, 9782266249201, 12, Fri Apr 24 2020 11:59:24 GMT+0200 (GMT+02:00)
Le pouvoir de la force mentale, 9782266249201, 12, Fri Apr 24 2020 12:00:02 GMT+0200 (GMT+02:00)
Le pouvoir de la force mentale, 9782266249201, 12, Fri Apr 24 2020 12:00:26 GMT+0200 (GMT+02:00)
Le pouvoir de la force mentale, 9782266249201, 12, Fri Apr 24 2020 12:00:48 GMT+0200 (GMT+02:00)
Le pouvoir de la force mentale, 9782266249201, 12, Fri Apr 24 2020 12:03:10 GMT+0200 (GMT+02:00)
Le pouvoir de la force mentale, 9782266249201, 12, Fri Apr 24 2020 12:03:43 GMT+0200 (GMT+02:00)
Le pouvoir de la force mentale, 9782266249201, 12, Fri Apr 24 2020 12:03:58 GMT+0200 (GMT+02:00)
Le pouvoir de la force mentale, 9782266249201, 12, Fri Apr 24 2020 12:04:14 GMT+0200 (GMT+02:00)
Le pouvoir de la force mentale, 9782266249201, 12, Fri Apr 24 2020 12:04:41 GMT+0200 (GMT+02:00)
Le pouvoir de la force mentale, 9782266249201, 12, Fri Apr 24 2020 12:05:30 GMT+0200 (GMT+02:00)
Le pouvoir de la force mentale, 9782266249201, 12, Fri Apr 24 2020 12:06:25 GMT+0200 (GMT+02:00)
Le pouvoir de la force mentale, 9782266249201, 12, Fri Apr 24 2020 12:06:41 GMT+0200 (GMT+02:00)
Le pouvoir de la force mentale, 9782266249201, 12, Fri Apr 24 2020 12:07:47 GMT+0200 (GMT+02:00)
Le pouvoir de la force mentale, 9782266249201, 12, Fri Apr 24 2020 12:08:03 GMT+0200 (GMT+02:00)
Le pouvoir de la force mentale, 9782266249201, 12, Fri Apr 24 2020 12:08:30 GMT+0200 (GMT+02:00)
Le pouvoir de la force mentale, 9782266249201, 12, Fri Apr 24 2020 12:09:00 GMT+0200 (GMT+02:00)
Le pouvoir , null, 12, Fri Apr 24 2020 12:13:23 GMT+0200 (GMT+02:00)
Le pouvoir de la force mentale, null, 12, Fri Apr 24 2020 12:13:26 GMT+0200 (GMT+02:00)
Airpods , null, 12, Fri Apr 24 2020 12:15:05 GMT+0200 (GMT+02:00)
Airpods pro, null, 12, Fri Apr 24 2020 12:15:05 GMT+0200 (GMT+02:00)
Sony, null, 12, Fri Apr 24 2020 12:16:57 GMT+0200 (GMT+02:00)
Sony WF-1000XM3 Argent, null, 12, Fri Apr 24 2020 12:17:22 GMT+0200 (GMT+02:00)
, null, 12, Fri Apr 24 2020 12:20:05 GMT+0200 (GMT+02:00)
, null, null, Fri Apr 24 2020 18:30:12 GMT+0200 (GMT+02:00)
Ipad Air 2019 64GO Wifi Gris Sidéral, null, null, Fri Apr 24 2020 18:30:18 GMT+0200 (GMT+02:00)
Sony SRS-XB41, null, null, Fri Apr 24 2020 18:30:22 GMT+0200 (GMT+02:00)
Sony WF-1000XM3 Argent, null, null, Fri Apr 24 2020 18:30:24 GMT+0200 (GMT+02:00)
Airpods, null, null, Sat Apr 25 2020 19:11:10 GMT+0200 (GMT+02:00)
Airpods pro, null, null, Sat Apr 25 2020 19:11:13 GMT+0200 (GMT+02:00)
Airpods pro, null, null, Sat Apr 25 2020 19:11:17 GMT+0200 (GMT+02:00)
Airpods pro, null, null, Sat Apr 25 2020 19:13:29 GMT+0200 (GMT+02:00)
, null, null, Sat Apr 25 2020 19:17:09 GMT+0200 (GMT+02:00)
Ipad Air 2019 64GO Wifi Gris Sidéral, null, null, Sat Apr 25 2020 19:17:18 GMT+0200 (GMT+02:00)
Sony WF-1000XM3 Argent, null, null, Sat Apr 25 2020 19:17:24 GMT+0200 (GMT+02:00)
Ipad Air 2019 64GO Wifi Gris Sidéral, null, null, Sat Apr 25 2020 19:34:21 GMT+0200 (GMT+02:00)
, null, null, Sat Apr 25 2020 19:44:34 GMT+0200 (GMT+02:00)
Apple Pencil, null, null, Sat Apr 25 2020 19:44:35 GMT+0200 (GMT+02:00)
Airpods pro, null, null, Sat Apr 25 2020 19:44:48 GMT+0200 (GMT+02:00)
Ipad Air 2019 64GO Wifi Gris Sidéral, null, null, Sat Apr 25 2020 19:44:50 GMT+0200 (GMT+02:00)
, null, null, Sat Apr 25 2020 19:45:19 GMT+0200 (GMT+02:00)
Apple Pencil, null, null, Sat Apr 25 2020 19:45:20 GMT+0200 (GMT+02:00)
, null, null, Sat Apr 25 2020 19:46:13 GMT+0200 (GMT+02:00)
Apple Pencil, null, null, Sat Apr 25 2020 19:46:13 GMT+0200 (GMT+02:00)
, null, null, Sat Apr 25 2020 19:50:58 GMT+0200 (GMT+02:00)
Apple Pencil, null, null, Sat Apr 25 2020 19:50:59 GMT+0200 (GMT+02:00)
, null, null, Sat Apr 25 2020 19:51:28 GMT+0200 (GMT+02:00)
Apple Pencil, null, null, Sat Apr 25 2020 19:51:28 GMT+0200 (GMT+02:00)
, null, null, Sat Apr 25 2020 19:53:58 GMT+0200 (GMT+02:00)
Apple Pencil, null, null, Sat Apr 25 2020 19:53:58 GMT+0200 (GMT+02:00)
, null, null, Sat Apr 25 2020 19:55:38 GMT+0200 (GMT+02:00)
Apple Pencil, null, null, Sat Apr 25 2020 19:55:39 GMT+0200 (GMT+02:00)
, null, null, Sat Apr 25 2020 19:56:05 GMT+0200 (GMT+02:00)
Apple Pencil, null, null, Sat Apr 25 2020 19:56:06 GMT+0200 (GMT+02:00)
Apple Pencil, null, null, Sat Apr 25 2020 19:56:33 GMT+0200 (GMT+02:00)
, null, null, Sat Apr 25 2020 19:57:39 GMT+0200 (GMT+02:00)
Apple Pencil, null, null, Sat Apr 25 2020 19:57:41 GMT+0200 (GMT+02:00)
, null, null, Sat Apr 25 2020 19:58:13 GMT+0200 (GMT+02:00)
Apple Pencil, null, null, Sat Apr 25 2020 19:58:14 GMT+0200 (GMT+02:00)
Airpods pro, null, null, Sat Apr 25 2020 19:58:18 GMT+0200 (GMT+02:00)
Le pouvoir , null, null, Mon Apr 27 2020 12:40:48 GMT+0200 (GMT+02:00)
Le pouvoir de la force mentale, null, null, Mon Apr 27 2020 12:40:49 GMT+0200 (GMT+02:00)
Le pouvoir , null, null, Mon Apr 27 2020 12:51:41 GMT+0200 (GMT+02:00)
Le pouvoir de la force mentale, null, null, Mon Apr 27 2020 12:51:42 GMT+0200 (GMT+02:00)
Le pouvoir , null, null, Mon Apr 27 2020 12:54:45 GMT+0200 (GMT+02:00)
Le pouvoir de la force mentale, null, null, Mon Apr 27 2020 12:54:46 GMT+0200 (GMT+02:00)
Le pouvoir, null, null, Mon Apr 27 2020 12:55:09 GMT+0200 (GMT+02:00)
Le pouvoir de la force mentale, null, null, Mon Apr 27 2020 12:55:10 GMT+0200 (GMT+02:00)
Le pouvoir de la force mentale, 9782266249201, null, Mon Apr 27 2020 13:03:41 GMT+0200 (GMT+02:00)
Le pouvoir de la force mentale, null, null, Mon Apr 27 2020 13:05:52 GMT+0200 (GMT+02:00)
Le pouvoir de la force mentale, null, null, Mon Apr 27 2020 13:06:01 GMT+0200 (GMT+02:00)
Le pouvoir de la force mentale, null, null, Mon Apr 27 2020 13:06:45 GMT+0200 (GMT+02:00)
Le pouvoir de la force mentale, null, null, Mon Apr 27 2020 13:07:47 GMT+0200 (GMT+02:00)
Le pouvoir de la force mentale, null, null, Mon Apr 27 2020 13:15:44 GMT+0200 (GMT+02:00)
Le pouvoir de la force mentale, null, null, Mon Apr 27 2020 13:16:29 GMT+0200 (GMT+02:00)
Le pouvoir de la force mentale, null, null, Mon Apr 27 2020 13:16:44 GMT+0200 (GMT+02:00)
Le pouvoir de la force mentale, null, null, Mon Apr 27 2020 13:18:43 GMT+0200 (GMT+02:00)
Airpods pro, null, null, Mon Apr 27 2020 13:19:54 GMT+0200 (GMT+02:00)
Le pouvoir de la force mentale, null, null, Mon Apr 27 2020 13:21:02 GMT+0200 (GMT+02:00)
Le pouvoir de la force mentale, null, null, Mon Apr 27 2020 13:21:23 GMT+0200 (GMT+02:00)
Le pouvoir , null, null, Mon Apr 27 2020 13:37:36 GMT+0200 (GMT+02:00)
Le pouvoir de la force mentale, null, null, Mon Apr 27 2020 13:37:37 GMT+0200 (GMT+02:00)
Le pouvoir de la force mentale, null, null, Mon Apr 27 2020 13:50:27 GMT+0200 (GMT+02:00)
Sony, null, null, Mon Apr 27 2020 14:00:45 GMT+0200 (GMT+02:00)
Sony WF-1000XM3 Argent, null, null, Mon Apr 27 2020 14:00:46 GMT+0200 (GMT+02:00)
Sony , null, null, Mon Apr 27 2020 14:02:01 GMT+0200 (GMT+02:00)
Sony WF-1000XM3 Argent, null, null, Mon Apr 27 2020 14:02:04 GMT+0200 (GMT+02:00)
Sony, null, null, Mon Apr 27 2020 14:02:43 GMT+0200 (GMT+02:00)
Sony WF-1000XM3 Argent, null, null, Mon Apr 27 2020 14:02:44 GMT+0200 (GMT+02:00)
Sony WF-1000XM3 Argent, null, null, Mon Apr 27 2020 14:05:15 GMT+0200 (GMT+02:00)
Sony, null, null, Mon Apr 27 2020 14:09:29 GMT+0200 (GMT+02:00)
Sony WF-1000XM3 Argent, null, null, Mon Apr 27 2020 14:09:30 GMT+0200 (GMT+02:00)
Sony, null, null, Mon Apr 27 2020 14:10:37 GMT+0200 (GMT+02:00)
Sony WF-1000XM3 Argent, null, null, Mon Apr 27 2020 14:10:38 GMT+0200 (GMT+02:00)
Sony WF-1000XM3 Argent, null, null, Mon Apr 27 2020 14:11:54 GMT+0200 (GMT+02:00)
Sony WF-1000XM3 Argent, null, null, Mon Apr 27 2020 14:12:02 GMT+0200 (GMT+02:00)
Sony WF-1000XM3 Argent, null, null, Mon Apr 27 2020 14:12:04 GMT+0200 (GMT+02:00)
Sony WF-1000XM3 Argent, null, null, Mon Apr 27 2020 14:12:22 GMT+0200 (GMT+02:00)
Sony SRS-XB41, null, null, Mon Apr 27 2020 14:12:33 GMT+0200 (GMT+02:00)
Sony WF-1000XM3 Argent, null, null, Mon Apr 27 2020 14:12:47 GMT+0200 (GMT+02:00)
Sony SRS-XB41, null, null, Mon Apr 27 2020 14:12:49 GMT+0200 (GMT+02:00)
Sony WF-1000XM3 Argent, null, null, Mon Apr 27 2020 14:15:15 GMT+0200 (GMT+02:00)
Test, null, null, Fri May 15 2020 16:38:23 GMT+0200 (GMT+02:00)
testUnitaire, null, null, Fri May 15 2020 16:38:37 GMT+0200 (GMT+02:00)
testUnitaire, null, null, Fri May 15 2020 16:38:58 GMT+0200 (GMT+02:00)
testUnitaire, null, null, Fri May 15 2020 16:39:00 GMT+0200 (GMT+02:00)
test, null, null, Fri May 15 2020 16:39:06 GMT+0200 (GMT+02:00)
testUnitaire, null, null, Fri May 15 2020 16:39:30 GMT+0200 (GMT+02:00)
testUnitaire, null, null, Fri May 15 2020 16:39:31 GMT+0200 (GMT+02:00)
test, null, null, Fri May 15 2020 16:39:34 GMT+0200 (GMT+02:00)
Test, null, null, Fri May 15 2020 16:42:09 GMT+0200 (GMT+02:00)
test, null, null, Fri May 15 2020 16:42:11 GMT+0200 (GMT+02:00)
Test, null, null, Fri May 15 2020 16:47:50 GMT+0200 (GMT+02:00)
test, null, null, Fri May 15 2020 16:47:52 GMT+0200 (GMT+02:00)
test, null, null, Fri May 15 2020 16:51:50 GMT+0200 (GMT+02:00)
test, null, null, Fri May 15 2020 16:51:50 GMT+0200 (GMT+02:00)
test, null, null, Fri May 15 2020 16:51:50 GMT+0200 (GMT+02:00)
test, null, null, Fri May 15 2020 16:51:51 GMT+0200 (GMT+02:00)
test, null, null, Fri May 15 2020 16:51:51 GMT+0200 (GMT+02:00)
test, null, null, Fri May 15 2020 16:51:52 GMT+0200 (GMT+02:00)
test, null, null, Fri May 15 2020 16:51:52 GMT+0200 (GMT+02:00)
test, null, null, Fri May 15 2020 16:51:52 GMT+0200 (GMT+02:00)
Test, null, null, Fri May 15 2020 16:51:53 GMT+0200 (GMT+02:00)
test, null, null, Fri May 15 2020 16:51:56 GMT+0200 (GMT+02:00)
test, null, null, Fri May 15 2020 16:51:56 GMT+0200 (GMT+02:00)
test, null, null, Fri May 15 2020 16:51:58 GMT+0200 (GMT+02:00)
test, null, null, Fri May 15 2020 16:51:58 GMT+0200 (GMT+02:00)
test, null, null, Fri May 15 2020 16:51:58 GMT+0200 (GMT+02:00)
test, null, null, Fri May 15 2020 16:51:58 GMT+0200 (GMT+02:00)
test, null, null, Fri May 15 2020 16:51:59 GMT+0200 (GMT+02:00)
test, null, null, Fri May 15 2020 16:51:59 GMT+0200 (GMT+02:00)
test, null, null, Fri May 15 2020 16:51:59 GMT+0200 (GMT+02:00)
test, null, null, Fri May 15 2020 16:51:59 GMT+0200 (GMT+02:00)
test, null, null, Fri May 15 2020 16:51:59 GMT+0200 (GMT+02:00)
test, null, null, Fri May 15 2020 16:51:59 GMT+0200 (GMT+02:00)
test, null, null, Fri May 15 2020 16:52:00 GMT+0200 (GMT+02:00)
test, null, null, Fri May 15 2020 16:52:02 GMT+0200 (GMT+02:00)
test, null, null, Fri May 15 2020 16:52:02 GMT+0200 (GMT+02:00)
test, null, null, Fri May 15 2020 16:52:02 GMT+0200 (GMT+02:00)
Test, null, null, Fri May 15 2020 16:52:10 GMT+0200 (GMT+02:00)
test, null, null, Fri May 15 2020 16:52:13 GMT+0200 (GMT+02:00)
test, null, null, Fri May 15 2020 16:52:13 GMT+0200 (GMT+02:00)
test, null, null, Fri May 15 2020 16:52:14 GMT+0200 (GMT+02:00)
test, null, null, Fri May 15 2020 16:52:14 GMT+0200 (GMT+02:00)
test, null, null, Fri May 15 2020 16:52:14 GMT+0200 (GMT+02:00)
test, null, null, Fri May 15 2020 16:52:14 GMT+0200 (GMT+02:00)
test, null, null, Fri May 15 2020 16:52:14 GMT+0200 (GMT+02:00)
test, null, null, Fri May 15 2020 16:52:19 GMT+0200 (GMT+02:00)
test, null, null, Fri May 15 2020 16:52:19 GMT+0200 (GMT+02:00)
test, null, null, Fri May 15 2020 16:52:20 GMT+0200 (GMT+02:00)
test, null, null, Fri May 15 2020 16:52:21 GMT+0200 (GMT+02:00)
test, null, null, Fri May 15 2020 16:52:21 GMT+0200 (GMT+02:00)
test, null, null, Fri May 15 2020 16:52:21 GMT+0200 (GMT+02:00)
test, null, null, Fri May 15 2020 16:52:22 GMT+0200 (GMT+02:00)
test, null, null, Fri May 15 2020 16:52:22 GMT+0200 (GMT+02:00)
test, null, null, Fri May 15 2020 16:52:32 GMT+0200 (GMT+02:00)
test, null, null, Fri May 15 2020 16:52:33 GMT+0200 (GMT+02:00)
test, null, null, Fri May 15 2020 16:52:33 GMT+0200 (GMT+02:00)
test, null, null, Fri May 15 2020 16:52:33 GMT+0200 (GMT+02:00)
test, null, null, Fri May 15 2020 16:52:33 GMT+0200 (GMT+02:00)
test, null, null, Fri May 15 2020 16:52:34 GMT+0200 (GMT+02:00)
test, null, null, Fri May 15 2020 16:52:34 GMT+0200 (GMT+02:00)
Test, null, null, Fri May 15 2020 16:53:03 GMT+0200 (GMT+02:00)
testUnitaire, null, null, Fri May 15 2020 16:53:04 GMT+0200 (GMT+02:00)
test, null, null, Fri May 15 2020 16:53:08 GMT+0200 (GMT+02:00)
test, null, null, Fri May 15 2020 16:53:09 GMT+0200 (GMT+02:00)
test, null, null, Fri May 15 2020 16:53:09 GMT+0200 (GMT+02:00)
test, null, null, Fri May 15 2020 16:53:09 GMT+0200 (GMT+02:00)
test, null, null, Fri May 15 2020 16:53:09 GMT+0200 (GMT+02:00)
testUnitaire, null, null, Fri May 15 2020 16:53:10 GMT+0200 (GMT+02:00)
test, null, null, Fri May 15 2020 16:53:12 GMT+0200 (GMT+02:00)
test, null, null, Fri May 15 2020 16:53:12 GMT+0200 (GMT+02:00)
test, null, null, Fri May 15 2020 16:53:12 GMT+0200 (GMT+02:00)
test, null, null, Fri May 15 2020 16:53:13 GMT+0200 (GMT+02:00)
test, null, null, Fri May 15 2020 16:53:13 GMT+0200 (GMT+02:00)
test, null, null, Fri May 15 2020 16:53:13 GMT+0200 (GMT+02:00)
test, null, null, Fri May 15 2020 16:53:13 GMT+0200 (GMT+02:00)
test, null, null, Fri May 15 2020 16:53:13 GMT+0200 (GMT+02:00)
test, null, null, Fri May 15 2020 16:53:13 GMT+0200 (GMT+02:00)
test, null, null, Fri May 15 2020 16:53:14 GMT+0200 (GMT+02:00)
testUnitaire, null, null, Fri May 15 2020 16:53:14 GMT+0200 (GMT+02:00)
test, null, null, Fri May 15 2020 16:53:16 GMT+0200 (GMT+02:00)
test, null, null, Fri May 15 2020 16:53:16 GMT+0200 (GMT+02:00)
test, null, null, Fri May 15 2020 16:53:16 GMT+0200 (GMT+02:00)
test, null, null, Fri May 15 2020 16:53:16 GMT+0200 (GMT+02:00)
test, null, null, Fri May 15 2020 16:53:17 GMT+0200 (GMT+02:00)
test, null, null, Fri May 15 2020 16:53:17 GMT+0200 (GMT+02:00)
test, null, null, Fri May 15 2020 16:53:17 GMT+0200 (GMT+02:00)
test, null, null, Fri May 15 2020 16:53:17 GMT+0200 (GMT+02:00)
testUnitaire, null, null, Fri May 15 2020 16:53:18 GMT+0200 (GMT+02:00)
testUnitaire, null, null, Fri May 15 2020 16:53:29 GMT+0200 (GMT+02:00)
test, null, null, Fri May 15 2020 16:53:31 GMT+0200 (GMT+02:00)
test, null, null, Fri May 15 2020 16:53:32 GMT+0200 (GMT+02:00)
test, null, null, Fri May 15 2020 16:53:32 GMT+0200 (GMT+02:00)
test, null, null, Fri May 15 2020 16:53:32 GMT+0200 (GMT+02:00)
test, null, null, Fri May 15 2020 16:53:33 GMT+0200 (GMT+02:00)
test, null, null, Fri May 15 2020 16:53:33 GMT+0200 (GMT+02:00)
test, null, null, Fri May 15 2020 16:53:34 GMT+0200 (GMT+02:00)
test, null, null, Fri May 15 2020 16:53:35 GMT+0200 (GMT+02:00)
test, null, null, Fri May 15 2020 16:53:35 GMT+0200 (GMT+02:00)
test, null, null, Fri May 15 2020 16:53:36 GMT+0200 (GMT+02:00)
test, null, null, Fri May 15 2020 16:53:37 GMT+0200 (GMT+02:00)
test, null, null, Fri May 15 2020 16:53:37 GMT+0200 (GMT+02:00)
Test, null, null, Fri May 15 2020 16:57:33 GMT+0200 (GMT+02:00)
test, null, null, Fri May 15 2020 16:57:37 GMT+0200 (GMT+02:00)
Ai, null, null, Fri May 15 2020 16:58:05 GMT+0200 (GMT+02:00)
Airpods pro, null, null, Fri May 15 2020 16:58:06 GMT+0200 (GMT+02:00)
testUnitaire, null, null, Fri May 15 2020 17:02:59 GMT+0200 (GMT+02:00)
Test, null, null, Fri May 15 2020 17:03:47 GMT+0200 (GMT+02:00)
test, null, null, Fri May 15 2020 17:03:51 GMT+0200 (GMT+02:00)
Test, null, null, Fri May 15 2020 17:06:58 GMT+0200 (GMT+02:00)
Test, null, null, Fri May 15 2020 17:06:59 GMT+0200 (GMT+02:00)
Test, null, null, Fri May 15 2020 17:07:03 GMT+0200 (GMT+02:00)
Test, null, null, Fri May 15 2020 17:07:07 GMT+0200 (GMT+02:00)
Test, null, null, Fri May 15 2020 17:12:27 GMT+0200 (GMT+02:00)
Test, null, null, Fri May 15 2020 17:12:29 GMT+0200 (GMT+02:00)
Sony, null, null, Fri May 15 2020 17:16:05 GMT+0200 (GMT+02:00)
Sony WF-1000XM3 Argent, null, null, Fri May 15 2020 17:16:06 GMT+0200 (GMT+02:00)
Sony WF-1000XM3 Argent, null, null, Fri May 15 2020 17:17:30 GMT+0200 (GMT+02:00)
Sony WF-1000XM3 Argent, null, null, Fri May 15 2020 17:17:56 GMT+0200 (GMT+02:00)
Test, null, null, Fri May 15 2020 17:18:25 GMT+0200 (GMT+02:00)
Test, null, null, Fri May 15 2020 17:18:27 GMT+0200 (GMT+02:00)
Airpods, null, null, Fri May 15 2020 17:23:02 GMT+0200 (GMT+02:00)
Airpods pro, null, null, Fri May 15 2020 17:23:03 GMT+0200 (GMT+02:00)
Test, null, null, Thu May 21 2020 12:08:01 GMT+0200 (GMT+02:00)
Test, null, null, Thu May 21 2020 12:08:04 GMT+0200 (GMT+02:00)
Test, null, null, Thu May 21 2020 12:08:32 GMT+0200 (GMT+02:00)
Test, null, null, Thu May 21 2020 12:08:45 GMT+0200 (GMT+02:00)
Test, null, null, Thu May 21 2020 12:09:00 GMT+0200 (GMT+02:00)
Test, null, null, Thu May 21 2020 12:12:27 GMT+0200 (GMT+02:00)
Test, null, null, Thu May 21 2020 14:58:38 GMT+0200 (GMT+02:00)
Airpods, null, null, Fri May 22 2020 16:21:04 GMT+0200 (GMT+02:00)
Airpods pro, null, null, Fri May 22 2020 16:21:06 GMT+0200 (GMT+02:00)
Airpods pro, null, null, Fri May 22 2020 16:21:13 GMT+0200 (GMT+02:00)
Airpods pro, null, null, Fri May 22 2020 16:21:28 GMT+0200 (GMT+02:00)